"Data Source","World Development Indicators",

"Last Updated Date","2023-10-26",

"Country Name","Country Code","Indicator Name","Indicator Code","1960","1961","1962","1963","1964","1965","1966","1967","1968","1969","1970","1971","1972","1973","1974","1975","1976","1977","1978","1979","1980","1981","1982","1983","1984","1985","1986","1987","1988","1989","1990","1991","1992","1993","1994","1995","1996","1997","1998","1999","2000","2001","2002","2003","2004","2005","2006","2007","2008","2009","2010","2011","2012","2013","2014","2015","2016","2017","2018","2019","2020","2021","2022",
"Aruba","ABW","Political Stability and Absence of Violence/Terrorism: Number of Sources","PV.NO.SRC","","","","","","","","","","","","","","","","","","","","","","","","","","","","","","","","","","","","","","","","","","","","","1","2","2","2","2","3","3","3","3","3","3","3","3","3","3","3","3","3","3",
"Africa Eastern and Southern","AFE","Political Stability and Absence of Violence/Terrorism: Number of Sources","PV.NO.SRC","","","","","","","","","","","","","","","","","","","","","","","","","","","","","","","","","","","","","","","","","","","","","","","","","","","","","","","","","","","","","","","",
"Afghanistan","AFG","Political Stability and Absence of Violence/Terrorism: Number of Sources","PV.NO.SRC","","","","","","","","","","","","","","","","","","","","","","","","","","","","","","","","","","","","","2","","2","","2","","2","2","4","4","4","3","3","4","4","4","5","6","6","6","6","6","6","6","5","5","5",
"Africa Western and Central","AFW","Political Stability and Absence of Violence/Terrorism: Number of Sources","PV.NO.SRC","","","","","","","","","","","","","","","","","","","","","","","","","","","","","","","","","","","","","","","","","","","","","","","","","","","","","","","","","","","","","","","",
"Angola","AGO","Political Stability and Absence of Violence/Terrorism: Number of Sources","PV.NO.SRC","","","","","","","","","","","","","","","","","","","","","","","","","","","","","","","","","","","","","4","","4","","4","","4","5","6","5","6","5","5","6","7","7","6","7","7","6","6","7","7","7","6","7","7",
"Albania","ALB","Political Stability and Absence of Violence/Terrorism: Number of Sources","PV.NO.SRC","","","","","","","","","","","","","","","","","","","","","","","","","","","","","","","","","","","","","3","","3","","3","","3","3","4","5","6","6","6","6","6","7","8","8","8","8","8","8","8","7","6","6","6",
"Andorra","AND","Political Stability and Absence of Violence/Terrorism: Number of Sources","PV.NO.SRC","","","","","","","","","","","","","","","","","","","","","","","","","","","","","","","","","","","","","1","","1","","1","","1","2","2","2","2","2","2","2","2","2","2","2","1","2","2","2","2","3","3","3","3",
"Arab World","ARB","Political Stability and Absence of Violence/Terrorism: Number of Sources","PV.NO.SRC","","","","","","","","","","","","","","","","","","","","","","","","","","","","","","","","","","","","","","","","","","","","","","","","","","","","","","","","","","","","","","","",
"United Arab Emirates","ARE","Political Stability and Absence of Violence/Terrorism: Number of Sources","PV.NO.SRC","","","","","","","","","","","","","","","","","","","","","","","","","","","","","","","","","","","","","4","","4","","4","","4","4","6","6","6","6","6","7","7","9","9","9","9","9","9","9","9","8","7","7","7",
"Argentina","ARG","Political Stability and Absence of Violence/Terrorism: Number of Sources","PV.NO.SRC","","","","","","","","","","","","","","","","","","","","","","","","","","","","","","","","","","","","","4","","4","","5","","6","6","7","7","8","8","8","8","8","9","9","9","9","9","9","9","9","8","7","7","7",
"Armenia","ARM","Political Stability and Absence of Violence/Terrorism: Number of Sources","PV.NO.SRC","","","","","","","","","","","","","","","","","","","","","","","","","","","","","","","","","","","","","2","","3","","3","","3","3","4","5","6","6","6","6","6","6","7","7","7","7","7","7","7","6","5","5","5",
"American Samoa","ASM","Political Stability and Absence of Violence/Terrorism: Number of Sources","PV.NO.SRC","","","","","","","","","","","","","","","","","","","","","","","","","","","","","","","","","","","","","","","","","","","","","1","1","1","1","1","1","1","1","1","1","1","1","1","1","1","2","2","2","1",
"Antigua and Barbuda","ATG","Political Stability and Absence of Violence/Terrorism: Number of Sources","PV.NO.SRC","","","","","","","","","","","","","","","","","","","","","","","","","","","","","","","","","","","","","1","","1","","1","","1","2","3","3","3","3","3","3","3","3","3","3","3","4","4","4","4","4","4","4","4",
"Australia","AUS","Political Stability and Absence of Violence/Terrorism: Number of Sources","PV.NO.SRC","","","","","","","","","","","","","","","","","","","","","","","","","","","","","","","","","","","","","4","","4","","5","","6","6","7","7","7","7","7","8","8","9","9","9","9","9","9","10","10","9","8","8","8",
"Austria","AUT","Political Stability and Absence of Violence/Terrorism: Number of Sources","PV.NO.SRC","","","","","","","","","","","","","","","","","","","","","","","","","","","","","","","","","","","","","4","","4","","5","","6","6","7","7","7","7","7","8","8","9","9","9","9","9","9","9","9","8","7","7","7",
"Azerbaijan","AZE","Political Stability and Absence of Violence/Terrorism: Number of Sources","PV.NO.SRC","","","","","","","","","","","","","","","","","","","","","","","","","","","","","","","","","","","","","3","","4","","4","","4","4","5","6","6","6","6","7","7","7","7","7","7","7","7","7","7","6","5","5","5",
"Burundi","BDI","Political Stability and Absence of Violence/Terrorism: Number of Sources","PV.NO.SRC","","","","","","","","","","","","","","","","","","","","","","","","","","","","","","","","","","","","","2","","2","","2","","2","2","3","3","5","5","5","5","5","5","6","6","6","6","6","6","6","5","4","4","4",
"Belgium","BEL","Political Stability and Absence of Violence/Terrorism: Number of Sources","PV.NO.SRC","","","","","","","","","","","","","","","","","","","","","","","","","","","","","","","","","","","","","4","","4","","5","","6","6","7","7","7","7","7","8","8","9","9","9","9","9","9","9","9","8","7","7","7",
"Benin","BEN","Political Stability and Absence of Violence/Terrorism: Number of Sources","PV.NO.SRC","","","","","","","","","","","","","","","","","","","","","","","","","","","","","","","","","","","","","2","","2","","2","","2","2","3","4","6","6","6","6","6","6","6","6","5","6","6","6","6","5","4","5","5",
"Burkina Faso","BFA","Political Stability and Absence of Violence/Terrorism: Number of Sources","PV.NO.SRC","","","","","","","","","","","","","","","","","","","","","","","","","","","","","","","","","","","","","3","","3","","3","","3","3","4","4","7","7","7","7","7","7","8","8","8","7","7","7","7","7","6","6","6",
"Bangladesh","BGD","Political Stability and Absence of Violence/Terrorism: Number of Sources","PV.NO.SRC","","","","","","","","","","","","","","","","","","","","","","","","","","","","","","","","","","","","","4","","4","","4","","5","5","6","6","7","7","7","7","7","8","8","8","8","8","8","8","8","7","6","7","7",
"Bulgaria","BGR","Political Stability and Absence of Violence/Terrorism: Number of Sources","PV.NO.SRC","","","","","","","","","","","","","","","","","","","","","","","","","","","","","","","","","","","","","4","","4","","4","","5","5","6","6","8","8","8","8","8","9","9","9","9","9","9","9","9","8","7","7","7",
"Bahrain","BHR","Political Stability and Absence of Violence/Terrorism: Number of Sources","PV.NO.SRC","","","","","","","","","","","","","","","","","","","","","","","","","","","","","","","","","","","","","4","","4","","4","","4","4","6","6","6","6","6","7","7","7","7","7","7","7","7","6","6","6","5","6","6",
"Bahamas, The","BHS","Political Stability and Absence of Violence/Terrorism: Number of Sources","PV.NO.SRC","","","","","","","","","","","","","","","","","","","","","","","","","","","","","","","","","","","","","3","","3","","3","","3","3","4","4","4","4","4","5","5","5","5","5","5","6","6","6","6","6","6","6","6",
"Bosnia and Herzegovina","BIH","Political Stability and Absence of Violence/Terrorism: Number of Sources","PV.NO.SRC","","","","","","","","","","","","","","","","","","","","","","","","","","","","","","","","","","","","","3","","3","","3","","3","3","5","5","5","5","5","5","5","4","7","7","6","7","7","7","7","6","5","5","5",
"Belarus","BLR","Political Stability and Absence of Violence/Terrorism: Number of Sources","PV.NO.SRC","","","","","","","","","","","","","","","","","","","","","","","","","","","","","","","","","","","","","2","","3","","3","","3","3","4","4","5","5","5","5","5","5","7","7","7","7","7","7","7","7","6","6","6",
"Belize","BLZ","Political Stability and Absence of Violence/Terrorism: Number of Sources","PV.NO.SRC","","","","","","","","","","","","","","","","","","","","","","","","","","","","","","","","","","","","","2","","2","","2","","2","2","3","3","4","4","4","4","4","5","4","4","5","5","5","5","5","5","5","5","5",
"Bermuda","BMU","Political Stability and Absence of Violence/Terrorism: Number of Sources","PV.NO.SRC","","","","","","","","","","","","","","","","","","","","","","","","","","","","","","","","","","","","","1","","1","","1","","1","1","2","2","2","2","2","2","2","2","2","2","2","2","2","2","2","2","2","2","2",
"Bolivia","BOL","Political Stability and Absence of Violence/Terrorism: Number of Sources","PV.NO.SRC","","","","","","","","","","","","","","","","","","","","","","","","","","","","","","","","","","","","","4","","4","","4","","5","5","6","6","7","7","7","7","7","8","8","8","8","8","8","7","7","7","6","6","6",
"Brazil","BRA","Political Stability and Absence of Violence/Terrorism: Number of Sources","PV.NO.SRC","","","","","","","","","","","","","","","","","","","","","","","","","","","","","","","","","","","","","4","","4","","5","","6","6","7","7","8","8","8","8","8","9","9","9","9","9","9","10","10","9","8","8","8",
"Barbados","BRB","Political Stability and Absence of Violence/Terrorism: Number of Sources","PV.NO.SRC","","","","","","","","","","","","","","","","","","","","","","","","","","","","","","","","","","","","","2","","2","","2","","2","2","3","3","4","4","4","5","5","5","5","5","5","5","6","5","5","5","5","5","5",
"Brunei Darussalam","BRN","Political Stability and Absence of Violence/Terrorism: Number of Sources","PV.NO.SRC","","","","","","","","","","","","","","","","","","","","","","","","","","","","","","","","","","","","","3","","3","","3","","3","3","3","3","3","3","5","6","6","6","6","6","5","5","7","7","7","6","5","5","5",
"Bhutan","BTN","Political Stability and Absence of Violence/Terrorism: Number of Sources","PV.NO.SRC","","","","","","","","","","","","","","","","","","","","","","","","","","","","","","","","","","","","","2","","2","","2","","2","2","3","3","3","3","3","4","4","4","4","5","5","5","5","5","4","4","4","4","4",
"Botswana","BWA","Political Stability and Absence of Violence/Terrorism: Number of Sources","PV.NO.SRC","","","","","","","","","","","","","","","","","","","","","","","","","","","","","","","","","","","","","4","","4","","4","","5","5","5","6","7","7","7","7","7","7","8","8","8","8","7","7","7","6","6","7","7",
"Central African Republic","CAF","Political Stability and Absence of Violence/Terrorism: Number of Sources","PV.NO.SRC","","","","","","","","","","","","","","","","","","","","","","","","","","","","","","","","","","","","","2","","2","","2","","2","2","3","3","3","3","3","5","5","5","5","5","5","5","5","5","5","5","4","4","4",
"Canada","CAN","Political Stability and Absence of Violence/Terrorism: Number of Sources","PV.NO.SRC","","","","","","","","","","","","","","","","","","","","","","","","","","","","","","","","","","","","","4","","4","","5","","6","6","7","7","8","8","8","8","8","9","9","9","9","9","9","9","9","8","7","7","7",
"Central Europe and the Baltics","CEB","Political Stability and Absence of Violence/Terrorism: Number of Sources","PV.NO.SRC","","","","","","","","","","","","","","","","","","","","","","","","","","","","","","","","","","","","","","","","","","","","","","","","","","","","","","","","","","","","","","","",
"Switzerland","CHE","Political Stability and Absence of Violence/Terrorism: Number of Sources","PV.NO.SRC","","","","","","","","","","","","","","","","","","","","","","","","","","","","","","","","","","","","","4","","4","","5","","6","6","7","7","7","7","7","8","8","8","8","8","8","8","8","8","8","7","6","6","6",
"Channel Islands","CHI","Political Stability and Absence of Violence/Terrorism: Number of Sources","PV.NO.SRC","","","","","","","","","","","","","","","","","","","","","","","","","","","","","","","","","","","","","","","","","","","","","","","","","","","","","","","","","","","","","","","",
"Chile","CHL","Political Stability and Absence of Violence/Terrorism: Number of Sources","PV.NO.SRC","","","","","","","","","","","","","","","","","","","","","","","","","","","","","","","","","","","","","4","","4","","5","","6","6","7","7","8","8","8","8","8","9","9","9","9","9","9","9","9","8","7","7","7",
"China","CHN","Political Stability and Absence of Violence/Terrorism: Number of Sources","PV.NO.SRC","","","","","","","","","","","","","","","","","","","","","","","","","","","","","","","","","","","","","4","","4","","5","","6","6","7","7","8","8","8","8","8","9","9","9","9","9","9","9","9","8","8","8","8",
"Cote d'Ivoire","CIV","Political Stability and Absence of Violence/Terrorism: Number of Sources","PV.NO.SRC","","","","","","","","","","","","","","","","","","","","","","","","","","","","","","","","","","","","","4","","4","","4","","4","4","5","5","6","6","7","7","7","7","8","8","8","8","8","7","7","7","6","6","6",
"Cameroon","CMR","Political Stability and Absence of Violence/Terrorism: Number of Sources","PV.NO.SRC","","","","","","","","","","","","","","","","","","","","","","","","","","","","","","","","","","","","","4","","4","","4","","4","5","5","6","7","7","7","7","7","8","8","8","8","8","8","8","8","7","6","6","6",
"Congo, Dem. Rep.","COD","Political Stability and Absence of Violence/Terrorism: Number of Sources","PV.NO.SRC","","","","","","","","","","","","","","","","","","","","","","","","","","","","","","","","","","","","","3","","3","","3","","3","3","5","5","4","4","4","6","6","6","6","6","6","6","6","6","7","6","6","7","7",
"Congo, Rep.","COG","Political Stability and Absence of Violence/Terrorism: Number of Sources","PV.NO.SRC","","","","","","","","","","","","","","","","","","","","","","","","","","","","","","","","","","","","","3","","3","","3","","3","3","4","5","5","5","5","6","6","6","6","6","6","6","6","6","6","6","5","6","6",
"Colombia","COL","Political Stability and Absence of Violence/Terrorism: Number of Sources","PV.NO.SRC","","","","","","","","","","","","","","","","","","","","","","","","","","","","","","","","","","","","","4","","4","","5","","6","6","7","7","8","8","8","8","8","9","9","9","9","9","9","9","9","8","7","7","7",
"Comoros","COM","Political Stability and Absence of Violence/Terrorism: Number of Sources","PV.NO.SRC","","","","","","","","","","","","","","","","","","","","","","","","","","","","","","","","","","","","","2","","2","","2","","2","2","2","2","2","2","2","3","3","2","3","3","3","3","4","4","4","4","3","3","3",
"Cabo Verde","CPV","Political Stability and Absence of Violence/Terrorism: Number of Sources","PV.NO.SRC","","","","","","","","","","","","","","","","","","","","","","","","","","","","","","","","","","","","","1","","1","","1","","2","2","2","2","3","3","3","4","5","4","5","5","4","5","5","5","5","4","4","4","4",
"Costa Rica","CRI","Political Stability and Absence of Violence/Terrorism: Number of Sources","PV.NO.SRC","","","","","","","","","","","","","","","","","","","","","","","","","","","","","","","","","","","","","4","","4","","4","","5","5","6","6","6","6","6","6","6","6","7","7","8","8","8","8","8","7","6","6","6",
"Caribbean small states","CSS","Political Stability and Absence of Violence/Terrorism: Number of Sources","PV.NO.SRC","","","","","","","","","","","","","","","","","","","","","","","","","","","","","","","","","","","","","","","","","","","","","","","","","","","","","","","","","","","","","","","",
"Cuba","CUB","Political Stability and Absence of Violence/Terrorism: Number of Sources","PV.NO.SRC","","","","","","","","","","","","","","","","","","","","","","","","","","","","","","","","","","","","","4","","4","","4","","4","4","5","5","6","6","6","6","6","6","6","6","6","6","6","6","6","6","5","5","5",
"Curacao","CUW","Political Stability and Absence of Violence/Terrorism: Number of Sources","PV.NO.SRC","","","","","","","","","","","","","","","","","","","","","","","","","","","","","","","","","","","","","","","","","","","","","","","","","","","","","","","","","","","","","","","",
"Cayman Islands","CYM","Political Stability and Absence of Violence/Terrorism: Number of Sources","PV.NO.SRC","","","","","","","","","","","","","","","","","","","","","","","","","","","","","","","","","","","","","1","","1","","1","","1","1","2","2","2","2","2","3","3","3","2","2","2","2","2","2","2","3","3","3","3",
"Cyprus","CYP","Political Stability and Absence of Violence/Terrorism: Number of Sources","PV.NO.SRC","","","","","","","","","","","","","","","","","","","","","","","","","","","","","","","","","","","","","4","","4","","4","","4","4","6","6","6","6","6","7","7","7","7","7","7","7","7","8","8","7","6","7","7",
"Czechia","CZE","Political Stability and Absence of Violence/Terrorism: Number of Sources","PV.NO.SRC","","","","","","","","","","","","","","","","","","","","","","","","","","","","","","","","","","","","","4","","4","","5","","6","6","7","7","8","8","8","8","8","9","9","9","9","9","9","9","9","8","7","7","7",
"Germany","DEU","Political Stability and Absence of Violence/Terrorism: Number of Sources","PV.NO.SRC","","","","","","","","","","","","","","","","","","","","","","","","","","","","","","","","","","","","","4","","4","","5","","6","6","7","7","8","8","8","8","8","9","9","9","9","9","9","9","9","8","7","7","7",
"Djibouti","DJI","Political Stability and Absence of Violence/Terrorism: Number of Sources","PV.NO.SRC","","","","","","","","","","","","","","","","","","","","","","","","","","","","","","","","","","","","","2","","2","","2","","2","2","2","2","3","3","3","4","4","4","4","4","4","4","4","4","4","4","4","4","4",
"Dominica","DMA","Political Stability and Absence of Violence/Terrorism: Number of Sources","PV.NO.SRC","","","","","","","","","","","","","","","","","","","","","","","","","","","","","","","","","","","","","1","","1","","1","","1","2","3","3","3","3","3","3","3","3","3","3","3","4","4","4","4","4","4","4","4",
"Denmark","DNK","Political Stability and Absence of Violence/Terrorism: Number of Sources","PV.NO.SRC","","","","","","","","","","","","","","","","","","","","","","","","","","","","","","","","","","","","","4","","4","","5","","6","6","7","7","7","7","7","8","8","8","9","9","9","9","9","9","9","8","7","7","7",
"Dominican Republic","DOM","Political Stability and Absence of Violence/Terrorism: Number of Sources","PV.NO.SRC","","","","","","","","","","","","","","","","","","","","","","","","","","","","","","","","","","","","","4","","4","","4","","5","5","6","6","7","7","7","7","7","8","8","8","8","8","8","8","8","7","6","6","6",
"Algeria","DZA","Political Stability and Absence of Violence/Terrorism: Number of Sources","PV.NO.SRC","","","","","","","","","","","","","","","","","","","","","","","","","","","","","","","","","","","","","4","","4","","4","","4","5","6","6","7","7","7","7","7","7","7","7","7","7","7","7","7","6","5","6","6",
"East Asia & Pacific (excluding high income)","EAP","Political Stability and Absence of Violence/Terrorism: Number of Sources","PV.NO.SRC","","","","","","","","","","","","","","","","","","","","","","","","","","","","","","","","","","","","","","","","","","","","","","","","","","","","","","","","","","","","","","","",
"Early-demographic dividend","EAR","Political Stability and Absence of Violence/Terrorism: Number of Sources","PV.NO.SRC","","","","","","","","","","","","","","","","","","","","","","","","","","","","","","","","","","","","","","","","","","","","","","","","","","","","","","","","","","","","","","","",
"East Asia & Pacific","EAS","Political Stability and Absence of Violence/Terrorism: Number of Sources","PV.NO.SRC","","","","","","","","","","","","","","","","","","","","","","","","","","","","","","","","","","","","","","","","","","","","","","","","","","","","","","","","","","","","","","","",
"Europe & Central Asia (excluding high income)","ECA","Political Stability and Absence of Violence/Terrorism: Number of Sources","PV.NO.SRC","","","","","","","","","","","","","","","","","","","","","","","","","","","","","","","","","","","","","","","","","","","","","","","","","","","","","","","","","","","","","","","",
"Europe & Central Asia","ECS","Political Stability and Absence of Violence/Terrorism: Number of Sources","PV.NO.SRC","","","","","","","","","","","","","","","","","","","","","","","","","","","","","","","","","","","","","","","","","","","","","","","","","","","","","","","","","","","","","","","",
"Ecuador","ECU","Political Stability and Absence of Violence/Terrorism: Number of Sources","PV.NO.SRC","","","","","","","","","","","","","","","","","","","","","","","","","","","","","","","","","","","","","4","","4","","4","","5","5","6","6","6","6","6","7","7","7","8","8","7","8","8","8","8","7","6","6","6",
"Egypt, Arab Rep.","EGY","Political Stability and Absence of Violence/Terrorism: Number of Sources","PV.NO.SRC","","","","","","","","","","","","","","","","","","","","","","","","","","","","","","","","","","","","","4","","4","","4","","4","5","6","6","7","7","7","7","7","7","8","8","8","8","7","8","8","7","6","6","6",
"Euro area","EMU","Political Stability and Absence of Violence/Terrorism: Number of Sources","PV.NO.SRC","","","","","","","","","","","","","","","","","","","","","","","","","","","","","","","","","","","","","","","","","","","","","","","","","","","","","","","","","","","","","","","",
"Eritrea","ERI","Political Stability and Absence of Violence/Terrorism: Number of Sources","PV.NO.SRC","","","","","","","","","","","","","","","","","","","","","","","","","","","","","","","","","","","","","2","","2","","2","","2","2","3","3","4","4","4","4","4","4","4","4","4","4","5","5","5","5","4","4","4",
"Spain","ESP","Political Stability and Absence of Violence/Terrorism: Number of Sources","PV.NO.SRC","","","","","","","","","","","","","","","","","","","","","","","","","","","","","","","","","","","","","4","","4","","5","","6","6","7","7","8","8","8","8","8","9","9","9","9","9","9","9","9","8","7","7","7",
"Estonia","EST","Political Stability and Absence of Violence/Terrorism: Number of Sources","PV.NO.SRC","","","","","","","","","","","","","","","","","","","","","","","","","","","","","","","","","","","","","3","","4","","4","","6","6","7","7","8","8","8","8","8","9","9","9","9","9","9","9","9","8","7","7","7",
"Ethiopia","ETH","Political Stability and Absence of Violence/Terrorism: Number of Sources","PV.NO.SRC","","","","","","","","","","","","","","","","","","","","","","","","","","","","","","","","","","","","","4","","4","","4","","4","5","6","6","7","7","7","7","7","8","8","8","8","8","8","8","8","7","6","6","6",
"European Union","EUU","Political Stability and Absence of Violence/Terrorism: Number of Sources","PV.NO.SRC","","","","","","","","","","","","","","","","","","","","","","","","","","","","","","","","","","","","","","","","","","","","","","","","","","","","","","","","","","","","","","","",
"Fragile and conflict affected situations","FCS","Political Stability and Absence of Violence/Terrorism: Number of Sources","PV.NO.SRC","","","","","","","","","","","","","","","","","","","","","","","","","","","","","","","","","","","","","","","","","","","","","","","","","","","","","","","","","","","","","","","",
"Finland","FIN","Political Stability and Absence of Violence/Terrorism: Number of Sources","PV.NO.SRC","","","","","","","","","","","","","","","","","","","","","","","","","","","","","","","","","","","","","4","","4","","5","","6","6","7","7","7","7","7","8","8","8","9","9","9","9","9","9","9","8","7","7","7",
"Fiji","FJI","Political Stability and Absence of Violence/Terrorism: Number of Sources","PV.NO.SRC","","","","","","","","","","","","","","","","","","","","","","","","","","","","","","","","","","","","","2","","2","","2","","2","2","3","3","3","3","3","3","3","3","3","3","3","3","3","4","4","4","4","4","4",
"France","FRA","Political Stability and Absence of Violence/Terrorism: Number of Sources","PV.NO.SRC","","","","","","","","","","","","","","","","","","","","","","","","","","","","","","","","","","","","","4","","4","","5","","6","6","7","7","8","8","8","8","8","9","9","9","9","9","9","9","9","8","7","7","7",
"Faroe Islands","FRO","Political Stability and Absence of Violence/Terrorism: Number of Sources","PV.NO.SRC","","","","","","","","","","","","","","","","","","","","","","","","","","","","","","","","","","","","","","","","","","","","","","","","","","","","","","","","","","","","","","","",
"Micronesia, Fed. Sts.","FSM","Political Stability and Absence of Violence/Terrorism: Number of Sources","PV.NO.SRC","","","","","","","","","","","","","","","","","","","","","","","","","","","","","","","","","","","","","","","","","","","","1","3","3","3","3","3","3","3","3","3","3","3","3","3","3","3","4","4","4","4",
"Gabon","GAB","Political Stability and Absence of Violence/Terrorism: Number of Sources","PV.NO.SRC","","","","","","","","","","","","","","","","","","","","","","","","","","","","","","","","","","","","","4","","4","","4","","4","4","5","5","6","6","6","6","6","6","7","7","7","7","7","6","6","6","5","5","6",
"United Kingdom","GBR","Political Stability and Absence of Violence/Terrorism: Number of Sources","PV.NO.SRC","","","","","","","","","","","","","","","","","","","","","","","","","","","","","","","","","","","","","4","","4","","5","","6","6","7","7","8","8","8","8","8","9","9","9","9","9","9","10","10","9","8","8","8",
"Georgia","GEO","Political Stability and Absence of Violence/Terrorism: Number of Sources","PV.NO.SRC","","","","","","","","","","","","","","","","","","","","","","","","","","","","","","","","","","","","","2","","2","","2","","2","2","4","4","5","5","5","5","5","5","7","7","7","7","7","7","7","6","5","5","5",
"Ghana","GHA","Political Stability and Absence of Violence/Terrorism: Number of Sources","PV.NO.SRC","","","","","","","","","","","","","","","","","","","","","","","","","","","","","","","","","","","","","4","","4","","4","","4","5","6","6","6","6","7","7","7","8","8","8","8","8","8","8","8","7","6","6","6",
"Gibraltar","GIB","Political Stability and Absence of Violence/Terrorism: Number of Sources","PV.NO.SRC","","","","","","","","","","","","","","","","","","","","","","","","","","","","","","","","","","","","","","","","","","","","","","","","","","","","","","","","","","","","","","","",
"Guinea","GIN","Political Stability and Absence of Violence/Terrorism: Number of Sources","PV.NO.SRC","","","","","","","","","","","","","","","","","","","","","","","","","","","","","","","","","","","","","3","","3","","3","","3","3","4","4","5","5","5","5","5","5","7","7","7","7","6","6","6","6","5","6","6",
"Gambia, The","GMB","Political Stability and Absence of Violence/Terrorism: Number of Sources","PV.NO.SRC","","","","","","","","","","","","","","","","","","","","","","","","","","","","","","","","","","","","","3","","3","","3","","3","4","4","4","5","5","5","6","6","5","6","6","6","6","6","6","6","5","5","6","6",
"Guinea-Bissau","GNB","Political Stability and Absence of Violence/Terrorism: Number of Sources","PV.NO.SRC","","","","","","","","","","","","","","","","","","","","","","","","","","","","","","","","","","","","","3","","3","","3","","3","3","3","3","3","3","3","4","4","3","4","4","4","4","4","4","4","4","4","4","4",
"Equatorial Guinea","GNQ","Political Stability and Absence of Violence/Terrorism: Number of Sources","PV.NO.SRC","","","","","","","","","","","","","","","","","","","","","","","","","","","","","","","","","","","","","3","","3","","3","","3","3","3","3","3","3","3","4","4","4","4","4","4","4","4","4","4","4","4","4","4",
"Greece","GRC","Political Stability and Absence of Violence/Terrorism: Number of Sources","PV.NO.SRC","","","","","","","","","","","","","","","","","","","","","","","","","","","","","","","","","","","","","4","","4","","5","","6","6","7","7","8","8","8","8","8","8","9","9","9","9","9","9","9","8","7","7","7",
"Grenada","GRD","Political Stability and Absence of Violence/Terrorism: Number of Sources","PV.NO.SRC","","","","","","","","","","","","","","","","","","","","","","","","","","","","","","","","","","","","","2","","2","","2","","2","2","3","3","3","3","3","3","3","3","3","3","3","4","4","4","4","4","4","4","4",
"Greenland","GRL","Political Stability and Absence of Violence/Terrorism: Number of Sources","PV.NO.SRC","","","","","","","","","","","","","","","","","","","","","","","","","","","","","","","","","","","","","","","","","","","","","","","","","","1","1","2","2","2","2","2","2","2","2","2","2","2","2",
"Guatemala","GTM","Political Stability and Absence of Violence/Terrorism: Number of Sources","PV.NO.SRC","","","","","","","","","","","","","","","","","","","","","","","","","","","","","","","","","","","","","4","","4","","4","","5","5","6","6","7","7","7","7","7","8","8","8","8","8","8","8","8","7","6","6","6",
"Guam","GUM","Political Stability and Absence of Violence/Terrorism: Number of Sources","PV.NO.SRC","","","","","","","","","","","","","","","","","","","","","","","","","","","","","","","","","","","","","","","","","","","","","1","1","1","1","1","1","1","2","2","2","2","2","2","2","3","3","3","3","3",
"Guyana","GUY","Political Stability and Absence of Violence/Terrorism: Number of Sources","PV.NO.SRC","","","","","","","","","","","","","","","","","","","","","","","","","","","","","","","","","","","","","3","","3","","3","","3","3","4","5","6","6","6","6","6","6","6","6","6","7","6","6","6","6","6","6","6",
"High income","HIC","Political Stability and Absence of Violence/Terrorism: Number of Sources","PV.NO.SRC","","","","","","","","","","","","","","","","","","","","","","","","","","","","","","","","","","","","","","","","","","","","","","","","","","","","","","","","","","","","","","","",
"Hong Kong SAR, China","HKG","Political Stability and Absence of Violence/Terrorism: Number of Sources","PV.NO.SRC","","","","","","","","","","","","","","","","","","","","","","","","","","","","","","","","","","","","","3","","3","","4","","5","5","6","6","7","7","7","6","6","7","7","7","7","7","6","7","7","8","6","6","6",
"Honduras","HND","Political Stability and Absence of Violence/Terrorism: Number of Sources","PV.NO.SRC","","","","","","","","","","","","","","","","","","","","","","","","","","","","","","","","","","","","","4","","4","","4","","5","5","6","6","6","6","6","7","7","7","7","7","8","8","8","8","8","7","6","6","6",
"Heavily indebted poor countries (HIPC)","HPC","Political Stability and Absence of Violence/Terrorism: Number of Sources","PV.NO.SRC","","","","","","","","","","","","","","","","","","","","","","","","","","","","","","","","","","","","","","","","","","","","","","","","","","","","","","","","","","","","","","","",
"Croatia","HRV","Political Stability and Absence of Violence/Terrorism: Number of Sources","PV.NO.SRC","","","","","","","","","","","","","","","","","","","","","","","","","","","","","","","","","","","","","3","","4","","4","","5","5","6","6","7","7","7","7","7","8","9","9","9","9","9","9","9","8","7","7","7",
"Haiti","HTI","Political Stability and Absence of Violence/Terrorism: Number of Sources","PV.NO.SRC","","","","","","","","","","","","","","","","","","","","","","","","","","","","","","","","","","","","","3","","3","","3","","4","4","4","4","5","5","5","6","6","7","7","7","7","7","6","7","7","6","5","6","6",
"Hungary","HUN","Political Stability and Absence of Violence/Terrorism: Number of Sources","PV.NO.SRC","","","","","","","","","","","","","","","","","","","","","","","","","","","","","","","","","","","","","4","","4","","5","","6","6","7","7","8","8","8","8","8","8","9","9","9","9","9","9","9","8","7","7","7",
"IBRD only","IBD","Political Stability and Absence of Violence/Terrorism: Number of Sources","PV.NO.SRC","","","","","","","","","","","","","","","","","","","","","","","","","","","","","","","","","","","","","","","","","","","","","","","","","","","","","","","","","","","","","","","",
"IDA & IBRD total","IBT","Political Stability and Absence of Violence/Terrorism: Number of Sources","PV.NO.SRC","","","","","","","","","","","","","","","","","","","","","","","","","","","","","","","","","","","","","","","","","","","","","","","","","","","","","","","","","","","","","","","",
"IDA total","IDA","Political Stability and Absence of Violence/Terrorism: Number of Sources","PV.NO.SRC","","","","","","","","","","","","","","","","","","","","","","","","","","","","","","","","","","","","","","","","","","","","","","","","","","","","","","","","","","","","","","","",
"IDA blend","IDB","Political Stability and Absence of Violence/Terrorism: Number of Sources","PV.NO.SRC","","","","","","","","","","","","","","","","","","","","","","","","","","","","","","","","","","","","","","","","","","","","","","","","","","","","","","","","","","","","","","","",
"Indonesia","IDN","Political Stability and Absence of Violence/Terrorism: Number of Sources","PV.NO.SRC","","","","","","","","","","","","","","","","","","","","","","","","","","","","","","","","","","","","","4","","4","","5","","6","6","7","7","8","8","8","8","8","9","9","9","9","9","9","9","9","8","7","7","7",
"IDA only","IDX","Political Stability and Absence of Violence/Terrorism: Number of Sources","PV.NO.SRC","","","","","","","","","","","","","","","","","","","","","","","","","","","","","","","","","","","","","","","","","","","","","","","","","","","","","","","","","","","","","","","",
"Isle of Man","IMN","Political Stability and Absence of Violence/Terrorism: Number of Sources","PV.NO.SRC","","","","","","","","","","","","","","","","","","","","","","","","","","","","","","","","","","","","","","","","","","","","","","","","","","","","","","","","","","","","","","","",
"India","IND","Political Stability and Absence of Violence/Terrorism: Number of Sources","PV.NO.SRC","","","","","","","","","","","","","","","","","","","","","","","","","","","","","","","","","","","","","4","","4","","5","","6","6","7","7","8","8","8","8","8","9","9","9","9","9","9","9","9","8","8","8","8",
"Not classified","INX","Political Stability and Absence of Violence/Terrorism: Number of Sources","PV.NO.SRC","","","","","","","","","","","","","","","","","","","","","","","","","","","","","","","","","","","","","","","","","","","","","","","","","","","","","","","","","","","","","","","",
"Ireland","IRL","Political Stability and Absence of Violence/Terrorism: Number of Sources","PV.NO.SRC","","","","","","","","","","","","","","","","","","","","","","","","","","","","","","","","","","","","","4","","4","","5","","6","6","7","7","8","8","8","8","8","8","8","8","8","8","8","8","8","7","6","7","7",
"Iran, Islamic Rep.","IRN","Political Stability and Absence of Violence/Terrorism: Number of Sources","PV.NO.SRC","","","","","","","","","","","","","","","","","","","","","","","","","","","","","","","","","","","","","4","","4","","4","","4","4","5","5","6","6","6","6","7","8","8","8","8","8","8","8","8","7","6","6","6",
"Iraq","IRQ","Political Stability and Absence of Violence/Terrorism: Number of Sources","PV.NO.SRC","","","","","","","","","","","","","","","","","","","","","","","","","","","","","","","","","","","","","4","","4","","4","","4","4","4","5","5","5","5","4","5","5","6","6","6","6","6","6","6","6","5","5","5",
"Iceland","ISL","Political Stability and Absence of Violence/Terrorism: Number of Sources","PV.NO.SRC","","","","","","","","","","","","","","","","","","","","","","","","","","","","","","","","","","","","","3","","3","","4","","5","5","6","6","7","7","7","6","7","7","8","8","8","8","8","8","8","7","6","6","6",
"Israel","ISR","Political Stability and Absence of Violence/Terrorism: Number of Sources","PV.NO.SRC","","","","","","","","","","","","","","","","","","","","","","","","","","","","","","","","","","","","","4","","4","","5","","6","6","7","7","8","8","8","8","8","8","8","8","8","8","8","8","8","7","6","6","6",
"Italy","ITA","Political Stability and Absence of Violence/Terrorism: Number of Sources","PV.NO.SRC","","","","","","","","","","","","","","","","","","","","","","","","","","","","","","","","","","","","","4","","4","","5","","6","6","7","7","8","8","8","8","8","9","9","9","9","9","9","9","9","8","7","7","7",
"Jamaica","JAM","Political Stability and Absence of Violence/Terrorism: Number of Sources","PV.NO.SRC","","","","","","","","","","","","","","","","","","","","","","","","","","","","","","","","","","","","","4","","4","","4","","5","5","6","6","6","6","6","6","6","7","8","8","8","8","8","8","8","7","6","6","6",
"Jordan","JOR","Political Stability and Absence of Violence/Terrorism: Number of Sources","PV.NO.SRC","","","","","","","","","","","","","","","","","","","","","","","","","","","","","","","","","","","","","4","","4","","4","","5","6","7","7","8","8","8","8","8","9","9","9","9","9","9","10","10","9","8","8","8",
"Japan","JPN","Political Stability and Absence of Violence/Terrorism: Number of Sources","PV.NO.SRC","","","","","","","","","","","","","","","","","","","","","","","","","","","","","","","","","","","","","4","","4","","5","","6","6","7","7","8","8","8","8","8","9","9","9","9","9","9","9","9","8","7","7","7",
"Kazakhstan","KAZ","Political Stability and Absence of Violence/Terrorism: Number of Sources","PV.NO.SRC","","","","","","","","","","","","","","","","","","","","","","","","","","","","","","","","","","","","","3","","4","","4","","4","4","5","6","7","7","8","8","8","8","9","9","9","9","9","10","10","9","8","8","8",
"Kenya","KEN","Political Stability and Absence of Violence/Terrorism: Number of Sources","PV.NO.SRC","","","","","","","","","","","","","","","","","","","","","","","","","","","","","","","","","","","","","4","","4","","4","","4","5","6","6","7","7","7","7","7","8","8","8","8","8","8","8","8","7","6","6","6",
"Kyrgyz Republic","KGZ","Political Stability and Absence of Violence/Terrorism: Number of Sources","PV.NO.SRC","","","","","","","","","","","","","","","","","","","","","","","","","","","","","","","","","","","","","2","","2","","2","","2","2","3","4","5","5","5","5","5","6","6","6","6","6","6","7","7","6","6","6","6",
"Cambodia","KHM","Political Stability and Absence of Violence/Terrorism: Number of Sources","PV.NO.SRC","","","","","","","","","","","","","","","","","","","","","","","","","","","","","","","","","","","","","3","","3","","3","","3","3","4","5","6","6","6","6","6","7","7","7","7","7","7","7","7","6","5","5","5",
"Kiribati","KIR","Political Stability and Absence of Violence/Terrorism: Number of Sources","PV.NO.SRC","","","","","","","","","","","","","","","","","","","","","","","","","","","","","","","","","","","","","","","","","","","","1","2","2","2","2","2","3","3","2","2","2","2","2","2","2","2","3","3","3","4",
"St. Kitts and Nevis","KNA","Political Stability and Absence of Violence/Terrorism: Number of Sources","PV.NO.SRC","","","","","","","","","","","","","","","","","","","","","","","","","","","","","","","","","","","","","","","","","","","","1","3","3","3","3","3","3","3","3","3","3","3","4","4","4","4","4","4","4","4",
"Korea, Rep.","KOR","Political Stability and Absence of Violence/Terrorism: Number of Sources","PV.NO.SRC","","","","","","","","","","","","","","","","","","","","","","","","","","","","","","","","","","","","","4","","4","","5","","6","6","7","7","8","8","8","8","8","9","9","9","9","9","9","10","10","9","8","8","8",
"Kuwait","KWT","Political Stability and Absence of Violence/Terrorism: Number of Sources","PV.NO.SRC","","","","","","","","","","","","","","","","","","","","","","","","","","","","","","","","","","","","","4","","4","","4","","4","4","5","6","7","7","7","7","7","7","7","7","7","7","7","7","7","6","5","5","6",
"Latin America & Caribbean (excluding high income)","LAC","Political Stability and Absence of Violence/Terrorism: Number of Sources","PV.NO.SRC","","","","","","","","","","","","","","","","","","","","","","","","","","","","","","","","","","","","","","","","","","","","","","","","","","","","","","","","","","","","","","","",
"Lao PDR","LAO","Political Stability and Absence of Violence/Terrorism: Number of Sources","PV.NO.SRC","","","","","","","","","","","","","","","","","","","","","","","","","","","","","","","","","","","","","2","","2","","2","","2","2","3","3","4","4","4","5","5","5","5","6","6","6","6","6","6","5","4","4","4",
"Lebanon","LBN","Political Stability and Absence of Violence/Terrorism: Number of Sources","PV.NO.SRC","","","","","","","","","","","","","","","","","","","","","","","","","","","","","","","","","","","","","4","","4","","4","","4","4","5","5","6","6","6","6","7","8","8","8","8","8","8","8","8","7","6","6","6",
"Liberia","LBR","Political Stability and Absence of Violence/Terrorism: Number of Sources","PV.NO.SRC","","","","","","","","","","","","","","","","","","","","","","","","","","","","","","","","","","","","","3","","3","","3","","3","3","4","4","4","4","4","5","5","6","8","8","7","8","7","8","8","7","7","7","7",
"Libya","LBY","Political Stability and Absence of Violence/Terrorism: Number of Sources","PV.NO.SRC","","","","","","","","","","","","","","","","","","","","","","","","","","","","","","","","","","","","","4","","4","","4","","4","4","4","5","5","6","6","7","7","6","7","7","7","6","6","6","6","6","5","5","5",
"St. Lucia","LCA","Political Stability and Absence of Violence/Terrorism: Number of Sources","PV.NO.SRC","","","","","","","","","","","","","","","","","","","","","","","","","","","","","","","","","","","","","1","","1","","1","","1","1","3","3","3","3","3","3","3","3","3","3","3","4","4","4","4","4","4","4","4",
"Latin America & Caribbean","LCN","Political Stability and Absence of Violence/Terrorism: Number of Sources","PV.NO.SRC","","","","","","","","","","","","","","","","","","","","","","","","","","","","","","","","","","","","","","","","","","","","","","","","","","","","","","","","","","","","","","","",
"Least developed countries: UN classification","LDC","Political Stability and Absence of Violence/Terrorism: Number of Sources","PV.NO.SRC","","","","","","","","","","","","","","","","","","","","","","","","","","","","","","","","","","","","","","","","","","","","","","","","","","","","","","","","","","","","","","","",
"Low income","LIC","Political Stability and Absence of Violence/Terrorism: Number of Sources","PV.NO.SRC","","","","","","","","","","","","","","","","","","","","","","","","","","","","","","","","","","","","","","","","","","","","","","","","","","","","","","","","","","","","","","","",
"Liechtenstein","LIE","Political Stability and Absence of Violence/Terrorism: Number of Sources","PV.NO.SRC","","","","","","","","","","","","","","","","","","","","","","","","","","","","","","","","","","","","","1","","1","","1","","1","2","2","2","2","2","2","4","4","3","3","3","3","3","3","3","3","4","4","4","4",
"Sri Lanka","LKA","Political Stability and Absence of Violence/Terrorism: Number of Sources","PV.NO.SRC","","","","","","","","","","","","","","","","","","","","","","","","","","","","","","","","","","","","","4","","4","","4","","5","5","6","6","7","7","7","7","7","7","8","8","8","8","8","8","8","7","6","6","6",
"Lower middle income","LMC","Political Stability and Absence of Violence/Terrorism: Number of Sources","PV.NO.SRC","","","","","","","","","","","","","","","","","","","","","","","","","","","","","","","","","","","","","","","","","","","","","","","","","","","","","","","","","","","","","","","",
"Low & middle income","LMY","Political Stability and Absence of Violence/Terrorism: Number of Sources","PV.NO.SRC","","","","","","","","","","","","","","","","","","","","","","","","","","","","","","","","","","","","","","","","","","","","","","","","","","","","","","","","","","","","","","","",
"Lesotho","LSO","Political Stability and Absence of Violence/Terrorism: Number of Sources","PV.NO.SRC","","","","","","","","","","","","","","","","","","","","","","","","","","","","","","","","","","","","","2","","2","","2","","2","2","2","2","4","4","4","5","5","4","5","5","5","5","5","5","5","4","4","4","4",
"Late-demographic dividend","LTE","Political Stability and Absence of Violence/Terrorism: Number of Sources","PV.NO.SRC","","","","","","","","","","","","","","","","","","","","","","","","","","","","","","","","","","","","","","","","","","","","","","","","","","","","","","","","","","","","","","","",
"Lithuania","LTU","Political Stability and Absence of Violence/Terrorism: Number of Sources","PV.NO.SRC","","","","","","","","","","","","","","","","","","","","","","","","","","","","","","","","","","","","","3","","4","","4","","5","5","6","6","7","8","8","8","8","8","8","8","8","8","8","8","8","7","6","7","7",
"Luxembourg","LUX","Political Stability and Absence of Violence/Terrorism: Number of Sources","PV.NO.SRC","","","","","","","","","","","","","","","","","","","","","","","","","","","","","","","","","","","","","3","","3","","4","","4","5","6","6","7","7","7","7","7","7","7","7","7","7","8","8","8","7","6","7","7",
"Latvia","LVA","Political Stability and Absence of Violence/Terrorism: Number of Sources","PV.NO.SRC","","","","","","","","","","","","","","","","","","","","","","","","","","","","","","","","","","","","","3","","4","","4","","5","5","6","6","6","6","6","7","7","7","7","8","8","8","8","8","8","7","6","7","7",
"Macao SAR, China","MAC","Political Stability and Absence of Violence/Terrorism: Number of Sources","PV.NO.SRC","","","","","","","","","","","","","","","","","","","","","","","","","","","","","","","","","","","","","1","","1","","1","","1","1","1","1","2","2","2","2","2","2","2","2","2","2","2","2","2","2","2","2","2",
"St. Martin (French part)","MAF","Political Stability and Absence of Violence/Terrorism: Number of Sources","PV.NO.SRC","","","","","","","","","","","","","","","","","","","","","","","","","","","","","","","","","","","","","","","","","","","","","","","","","","","","","","","","","","","","","","","",
"Morocco","MAR","Political Stability and Absence of Violence/Terrorism: Number of Sources","PV.NO.SRC","","","","","","","","","","","","","","","","","","","","","","","","","","","","","","","","","","","","","4","","4","","4","","5","5","6","6","7","7","7","7","7","7","8","8","8","8","8","8","8","7","6","6","6",
"Monaco","MCO","Political Stability and Absence of Violence/Terrorism: Number of Sources","PV.NO.SRC","","","","","","","","","","","","","","","","","","","","","","","","","","","","","","","","","","","","","","","","","","","","1","2","2","2","2","2","1","2","2","2","2","2","3","3","3","3","3","3","3","3",
"Moldova","MDA","Political Stability and Absence of Violence/Terrorism: Number of Sources","PV.NO.SRC","","","","","","","","","","","","","","","","","","","","","","","","","","","","","","","","","","","","","3","","4","","4","","4","4","4","5","6","6","6","5","6","6","7","7","7","7","8","8","8","7","6","6","6",
"Madagascar","MDG","Political Stability and Absence of Violence/Terrorism: Number of Sources","PV.NO.SRC","","","","","","","","","","","","","","","","","","","","","","","","","","","","","","","","","","","","","3","","3","","3","","3","4","5","5","7","7","7","7","7","7","8","8","8","8","8","8","7","7","6","6","6",
"Maldives","MDV","Political Stability and Absence of Violence/Terrorism: Number of Sources","PV.NO.SRC","","","","","","","","","","","","","","","","","","","","","","","","","","","","","","","","","","","","","2","","2","","2","","2","2","3","3","3","3","3","3","3","3","3","3","3","3","3","3","3","3","3","4","4",
"Middle East & North Africa","MEA","Political Stability and Absence of Violence/Terrorism: Number of Sources","PV.NO.SRC","","","","","","","","","","","","","","","","","","","","","","","","","","","","","","","","","","","","","","","","","","","","","","","","","","","","","","","","","","","","","","","",
"Mexico","MEX","Political Stability and Absence of Violence/Terrorism: Number of Sources","PV.NO.SRC","","","","","","","","","","","","","","","","","","","","","","","","","","","","","","","","","","","","","4","","4","","5","","6","6","7","7","8","8","8","8","8","9","9","9","9","9","9","10","10","9","8","8","8",
"Marshall Islands","MHL","Political Stability and Absence of Violence/Terrorism: Number of Sources","PV.NO.SRC","","","","","","","","","","","","","","","","","","","","","","","","","","","","","","","","","","","","","","","","","","","","1","1","1","1","1","1","2","2","1","1","1","1","2","2","2","2","3","3","4","4",
"Middle income","MIC","Political Stability and Absence of Violence/Terrorism: Number of Sources","PV.NO.SRC","","","","","","","","","","","","","","","","","","","","","","","","","","","","","","","","","","","","","","","","","","","","","","","","","","","","","","","","","","","","","","","",
"North Macedonia","MKD","Political Stability and Absence of Violence/Terrorism: Number of Sources","PV.NO.SRC","","","","","","","","","","","","","","","","","","","","","","","","","","","","","","","","","","","","","3","","3","","3","","3","4","5","5","5","5","5","5","5","5","6","6","6","6","7","6","6","6","5","5","5",
"Mali","MLI","Political Stability and Absence of Violence/Terrorism: Number of Sources","PV.NO.SRC","","","","","","","","","","","","","","","","","","","","","","","","","","","","","","","","","","","","","3","","3","","3","","3","4","5","5","6","6","6","7","7","7","7","7","7","7","7","7","7","6","5","6","6",
"Malta","MLT","Political Stability and Absence of Violence/Terrorism: Number of Sources","PV.NO.SRC","","","","","","","","","","","","","","","","","","","","","","","","","","","","","","","","","","","","","3","","3","","3","","3","4","5","5","6","6","6","7","7","7","7","7","7","7","7","7","7","6","5","6","6",
"Myanmar","MMR","Political Stability and Absence of Violence/Terrorism: Number of Sources","PV.NO.SRC","","","","","","","","","","","","","","","","","","","","","","","","","","","","","","","","","","","","","4","","4","","4","","4","4","5","5","5","5","5","5","5","5","6","8","8","8","7","7","7","7","6","6","6",
"Middle East & North Africa (excluding high income)","MNA","Political Stability and Absence of Violence/Terrorism: Number of Sources","PV.NO.SRC","","","","","","","","","","","","","","","","","","","","","","","","","","","","","","","","","","","","","","","","","","","","","","","","","","","","","","","","","","","","","","","",
"Montenegro","MNE","Political Stability and Absence of Violence/Terrorism: Number of Sources","PV.NO.SRC","","","","","","","","","","","","","","","","","","","","","","","","","","","","","","","","","","","","","","","","","","","","","","","1","3","4","4","5","5","5","5","5","5","5","5","5","4","4","4","4",
"Mongolia","MNG","Political Stability and Absence of Violence/Terrorism: Number of Sources","PV.NO.SRC","","","","","","","","","","","","","","","","","","","","","","","","","","","","","","","","","","","","","3","","3","","3","","3","3","4","5","5","5","5","7","7","7","8","8","8","9","9","9","9","8","7","7","7",
"Northern Mariana Islands","MNP","Political Stability and Absence of Violence/Terrorism: Number of Sources","PV.NO.SRC","","","","","","","","","","","","","","","","","","","","","","","","","","","","","","","","","","","","","","","","","","","","","","","","","","","","","","","","","","","","","","","",
"Mozambique","MOZ","Political Stability and Absence of Violence/Terrorism: Number of Sources","PV.NO.SRC","","","","","","","","","","","","","","","","","","","","","","","","","","","","","","","","","","","","","4","","4","","4","","4","5","6","6","7","7","7","7","7","7","7","7","7","7","7","8","8","7","6","7","7",
"Mauritania","MRT","Political Stability and Absence of Violence/Terrorism: Number of Sources","PV.NO.SRC","","","","","","","","","","","","","","","","","","","","","","","","","","","","","","","","","","","","","2","","2","","2","","2","2","3","3","5","5","5","6","6","6","6","6","6","6","6","6","6","5","4","5","5",
"Mauritius","MUS","Political Stability and Absence of Violence/Terrorism: Number of Sources","PV.NO.SRC","","","","","","","","","","","","","","","","","","","","","","","","","","","","","","","","","","","","","2","","2","","2","","4","4","4","4","5","5","5","6","6","5","6","6","6","6","6","6","6","5","4","5","5",
"Malawi","MWI","Political Stability and Absence of Violence/Terrorism: Number of Sources","PV.NO.SRC","","","","","","","","","","","","","","","","","","","","","","","","","","","","","","","","","","","","","4","","4","","4","","4","5","6","6","6","5","6","6","6","6","7","7","7","7","7","7","7","6","6","6","6",
"Malaysia","MYS","Political Stability and Absence of Violence/Terrorism: Number of Sources","PV.NO.SRC","","","","","","","","","","","","","","","","","","","","","","","","","","","","","","","","","","","","","4","","4","","5","","6","6","7","7","8","8","8","8","8","9","9","9","9","9","9","9","9","9","8","8","8",
"North America","NAC","Political Stability and Absence of Violence/Terrorism: Number of Sources","PV.NO.SRC","","","","","","","","","","","","","","","","","","","","","","","","","","","","","","","","","","","","","","","","","","","","","","","","","","","","","","","","","","","","","","","",
"Namibia","NAM","Political Stability and Absence of Violence/Terrorism: Number of Sources","PV.NO.SRC","","","","","","","","","","","","","","","","","","","","","","","","","","","","","","","","","","","","","4","","4","","4","","5","5","6","6","6","6","6","7","7","7","7","7","7","7","7","7","7","6","5","6","6",
"New Caledonia","NCL","Political Stability and Absence of Violence/Terrorism: Number of Sources","PV.NO.SRC","","","","","","","","","","","","","","","","","","","","","","","","","","","","","","","","","","","","","","","","","","","","","","","","","","","","","","","","","","","","","","","",
"Niger","NER","Political Stability and Absence of Violence/Terrorism: Number of Sources","PV.NO.SRC","","","","","","","","","","","","","","","","","","","","","","","","","","","","","","","","","","","","","3","","3","","3","","3","3","4","4","5","5","5","6","6","6","6","6","6","6","6","6","6","6","5","6","6",
"Nigeria","NGA","Political Stability and Absence of Violence/Terrorism: Number of Sources","PV.NO.SRC","","","","","","","","","","","","","","","","","","","","","","","","","","","","","","","","","","","","","4","","4","","4","","5","5","6","6","7","7","7","7","7","8","8","8","8","8","8","8","8","7","6","6","6",
"Nicaragua","NIC","Political Stability and Absence of Violence/Terrorism: Number of Sources","PV.NO.SRC","","","","","","","","","","","","","","","","","","","","","","","","","","","","","","","","","","","","","4","","4","","4","","5","5","6","6","6","6","6","7","7","7","8","8","8","8","7","8","8","7","6","6","6",
"Netherlands","NLD","Political Stability and Absence of Violence/Terrorism: Number of Sources","PV.NO.SRC","","","","","","","","","","","","","","","","","","","","","","","","","","","","","","","","","","","","","4","","4","","5","","6","6","7","7","7","7","7","8","8","9","9","9","9","9","9","9","9","8","7","7","7",
"Norway","NOR","Political Stability and Absence of Violence/Terrorism: Number of Sources","PV.NO.SRC","","","","","","","","","","","","","","","","","","","","","","","","","","","","","","","","","","","","","4","","4","","5","","6","6","7","7","8","8","8","8","8","9","9","9","9","9","9","9","9","8","7","7","7",
"Nepal","NPL","Political Stability and Absence of Violence/Terrorism: Number of Sources","PV.NO.SRC","","","","","","","","","","","","","","","","","","","","","","","","","","","","","","","","","","","","","2","","2","","2","","2","2","4","4","4","4","4","6","6","6","7","7","7","7","7","8","8","7","6","6","6",
"Nauru","NRU","Political Stability and Absence of Violence/Terrorism: Number of Sources","PV.NO.SRC","","","","","","","","","","","","","","","","","","","","","","","","","","","","","","","","","","","","","","","","","","","","1","1","1","1","1","1","2","2","1","1","1","1","2","2","2","3","3","3","3","3",
"New Zealand","NZL","Political Stability and Absence of Violence/Terrorism: Number of Sources","PV.NO.SRC","","","","","","","","","","","","","","","","","","","","","","","","","","","","","","","","","","","","","4","","4","","5","","6","6","7","7","8","8","8","8","8","9","9","9","9","9","9","10","10","9","8","8","8",
"OECD members","OED","Political Stability and Absence of Violence/Terrorism: Number of Sources","PV.NO.SRC","","","","","","","","","","","","","","","","","","","","","","","","","","","","","","","","","","","","","","","","","","","","","","","","","","","","","","","","","","","","","","","",
"Oman","OMN","Political Stability and Absence of Violence/Terrorism: Number of Sources","PV.NO.SRC","","","","","","","","","","","","","","","","","","","","","","","","","","","","","","","","","","","","","4","","4","","4","","4","4","5","5","5","6","6","7","7","7","7","7","7","7","7","6","6","6","5","5","5",
"Other small states","OSS","Political Stability and Absence of Violence/Terrorism: Number of Sources","PV.NO.SRC","","","","","","","","","","","","","","","","","","","","","","","","","","","","","","","","","","","","","","","","","","","","","","","","","","","","","","","","","","","","","","","",
"Pakistan","PAK","Political Stability and Absence of Violence/Terrorism: Number of Sources","PV.NO.SRC","","","","","","","","","","","","","","","","","","","","","","","","","","","","","","","","","","","","","4","","4","","4","","4","5","6","6","7","7","7","7","7","8","8","8","8","8","8","8","8","7","6","6","6",
"Panama","PAN","Political Stability and Absence of Violence/Terrorism: Number of Sources","PV.NO.SRC","","","","","","","","","","","","","","","","","","","","","","","","","","","","","","","","","","","","","4","","4","","4","","5","5","6","6","6","6","6","7","7","7","8","8","8","8","8","8","8","7","6","6","6",
"Peru","PER","Political Stability and Absence of Violence/Terrorism: Number of Sources","PV.NO.SRC","","","","","","","","","","","","","","","","","","","","","","","","","","","","","","","","","","","","","4","","4","","4","","5","5","6","6","7","7","8","8","8","9","9","9","9","9","9","9","9","8","7","7","7",
"Philippines","PHL","Political Stability and Absence of Violence/Terrorism: Number of Sources","PV.NO.SRC","","","","","","","","","","","","","","","","","","","","","","","","","","","","","","","","","","","","","4","","4","","5","","6","6","7","7","8","8","8","8","8","9","9","9","9","9","9","9","9","8","7","7","7",
"Palau","PLW","Political Stability and Absence of Violence/Terrorism: Number of Sources","PV.NO.SRC","","","","","","","","","","","","","","","","","","","","","","","","","","","","","","","","","","","","","","","","","","","","1","1","1","1","1","1","2","2","1","1","1","1","2","2","2","2","2","2","2","3",
"Papua New Guinea","PNG","Political Stability and Absence of Violence/Terrorism: Number of Sources","PV.NO.SRC","","","","","","","","","","","","","","","","","","","","","","","","","","","","","","","","","","","","","4","","4","","4","","4","4","5","5","5","5","5","5","5","5","5","5","5","5","5","5","6","6","6","6","6",
"Poland","POL","Political Stability and Absence of Violence/Terrorism: Number of Sources","PV.NO.SRC","","","","","","","","","","","","","","","","","","","","","","","","","","","","","","","","","","","","","4","","4","","5","","6","6","7","7","8","8","8","8","8","9","9","9","9","9","9","9","9","8","7","7","7",
"Pre-demographic dividend","PRE","Political Stability and Absence of Violence/Terrorism: Number of Sources","PV.NO.SRC","","","","","","","","","","","","","","","","","","","","","","","","","","","","","","","","","","","","","","","","","","","","","","","","","","","","","","","","","","","","","","","",
"Puerto Rico","PRI","Political Stability and Absence of Violence/Terrorism: Number of Sources","PV.NO.SRC","","","","","","","","","","","","","","","","","","","","","","","","","","","","","","","","","","","","","1","","1","","1","","1","1","2","2","2","3","3","3","4","4","4","4","5","5","4","5","3","4","4","4","4",
"Korea, Dem. People's Rep.","PRK","Political Stability and Absence of Violence/Terrorism: Number of Sources","PV.NO.SRC","","","","","","","","","","","","","","","","","","","","","","","","","","","","","","","","","","","","","3","","3","","3","","3","3","4","4","4","3","3","4","4","4","4","5","5","5","5","5","5","5","5","5","5",
"Portugal","PRT","Political Stability and Absence of Violence/Terrorism: Number of Sources","PV.NO.SRC","","","","","","","","","","","","","","","","","","","","","","","","","","","","","","","","","","","","","4","","4","","5","","6","6","7","7","8","8","8","8","8","8","9","9","9","9","9","9","9","8","7","7","7",
"Paraguay","PRY","Political Stability and Absence of Violence/Terrorism: Number of Sources","PV.NO.SRC","","","","","","","","","","","","","","","","","","","","","","","","","","","","","","","","","","","","","4","","4","","4","","5","5","6","6","6","6","6","7","7","7","7","7","7","7","7","7","7","6","5","6","6",
"West Bank and Gaza","PSE","Political Stability and Absence of Violence/Terrorism: Number of Sources","PV.NO.SRC","","","","","","","","","","","","","","","","","","","","","","","","","","","","","","","","","","","","","2","","2","","2","","2","2","2","2","2","2","2","3","3","4","4","4","4","4","4","4","4","4","4","4","4",
"Pacific island small states","PSS","Political Stability and Absence of Violence/Terrorism: Number of Sources","PV.NO.SRC","","","","","","","","","","","","","","","","","","","","","","","","","","","","","","","","","","","","","","","","","","","","","","","","","","","","","","","","","","","","","","","",
"Post-demographic dividend","PST","Political Stability and Absence of Violence/Terrorism: Number of Sources","PV.NO.SRC","","","","","","","","","","","","","","","","","","","","","","","","","","","","","","","","","","","","","","","","","","","","","","","","","","","","","","","","","","","","","","","",
"French Polynesia","PYF","Political Stability and Absence of Violence/Terrorism: Number of Sources","PV.NO.SRC","","","","","","","","","","","","","","","","","","","","","","","","","","","","","","","","","","","","","","","","","","","","","","","","","","","","","","","","","","","","","","","",
"Qatar","QAT","Political Stability and Absence of Violence/Terrorism: Number of Sources","PV.NO.SRC","","","","","","","","","","","","","","","","","","","","","","","","","","","","","","","","","","","","","4","","4","","4","","4","4","5","6","7","6","6","8","8","7","8","8","8","8","8","8","8","7","6","6","6",
"Romania","ROU","Political Stability and Absence of Violence/Terrorism: Number of Sources","PV.NO.SRC","","","","","","","","","","","","","","","","","","","","","","","","","","","","","","","","","","","","","4","","4","","4","","5","6","7","7","8","8","8","8","8","9","9","9","9","9","9","9","9","8","7","7","7",
"Russian Federation","RUS","Political Stability and Absence of Violence/Terrorism: Number of Sources","PV.NO.SRC","","","","","","","","","","","","","","","","","","","","","","","","","","","","","","","","","","","","","4","","4","","5","","6","6","7","7","8","8","8","8","8","9","9","9","9","9","9","9","9","8","7","6","6",
"Rwanda","RWA","Political Stability and Absence of Violence/Terrorism: Number of Sources","PV.NO.SRC","","","","","","","","","","","","","","","","","","","","","","","","","","","","","","","","","","","","","2","","2","","2","","2","2","2","2","4","4","4","4","5","5","6","6","6","6","6","6","6","5","4","5","5",
"South Asia","SAS","Political Stability and Absence of Violence/Terrorism: Number of Sources","PV.NO.SRC","","","","","","","","","","","","","","","","","","","","","","","","","","","","","","","","","","","","","","","","","","","","","","","","","","","","","","","","","","","","","","","",
"Saudi Arabia","SAU","Political Stability and Absence of Violence/Terrorism: Number of Sources","PV.NO.SRC","","","","","","","","","","","","","","","","","","","","","","","","","","","","","","","","","","","","","4","","4","","4","","4","4","5","5","6","7","7","7","7","6","7","7","7","7","8","9","9","8","7","7","7",
"Sudan","SDN","Political Stability and Absence of Violence/Terrorism: Number of Sources","PV.NO.SRC","","","","","","","","","","","","","","","","","","","","","","","","","","","","","","","","","","","","","4","","4","","4","","4","4","4","5","5","5","5","6","6","6","6","6","6","6","6","6","6","6","5","6","6",
"Senegal","SEN","Political Stability and Absence of Violence/Terrorism: Number of Sources","PV.NO.SRC","","","","","","","","","","","","","","","","","","","","","","","","","","","","","","","","","","","","","4","","4","","4","","4","5","5","5","6","7","7","7","7","8","8","8","8","8","8","8","8","7","6","6","6",
"Singapore","SGP","Political Stability and Absence of Violence/Terrorism: Number of Sources","PV.NO.SRC","","","","","","","","","","","","","","","","","","","","","","","","","","","","","","","","","","","","","4","","4","","5","","6","6","7","7","8","8","8","8","8","9","9","9","9","9","9","9","9","8","7","7","7",
"Solomon Islands","SLB","Political Stability and Absence of Violence/Terrorism: Number of Sources","PV.NO.SRC","","","","","","","","","","","","","","","","","","","","","","","","","","","","","","","","","","","","","1","","1","","1","","1","1","2","2","2","2","2","3","3","2","2","2","2","2","3","3","4","4","4","4","4",
"Sierra Leone","SLE","Political Stability and Absence of Violence/Terrorism: Number of Sources","PV.NO.SRC","","","","","","","","","","","","","","","","","","","","","","","","","","","","","","","","","","","","","3","","3","","3","","3","3","4","4","4","4","4","5","5","5","8","8","8","8","7","7","7","6","6","6","6",
"El Salvador","SLV","Political Stability and Absence of Violence/Terrorism: Number of Sources","PV.NO.SRC","","","","","","","","","","","","","","","","","","","","","","","","","","","","","","","","","","","","","4","","4","","4","","5","5","6","6","6","6","6","6","6","7","8","8","8","8","8","8","8","7","6","6","6",
"San Marino","SMR","Political Stability and Absence of Violence/Terrorism: Number of Sources","PV.NO.SRC","","","","","","","","","","","","","","","","","","","","","","","","","","","","","","","","","","","","","","","","","","","","1","1","1","1","1","1","2","2","1","1","1","1","2","2","2","2","3","3","3","3",
"Somalia","SOM","Political Stability and Absence of Violence/Terrorism: Number of Sources","PV.NO.SRC","","","","","","","","","","","","","","","","","","","","","","","","","","","","","","","","","","","","","3","","3","","3","","3","3","3","4","4","4","4","4","5","5","6","6","6","6","6","6","6","6","5","5","5",
"Serbia","SRB","Political Stability and Absence of Violence/Terrorism: Number of Sources","PV.NO.SRC","","","","","","","","","","","","","","","","","","","","","","","","","","","","","","","","","","","","","4","","4","","4","","4","5","6","6","5","6","6","7","7","7","8","8","8","8","8","8","8","7","6","6","6",
"Sub-Saharan Africa (excluding high income)","SSA","Political Stability and Absence of Violence/Terrorism: Number of Sources","PV.NO.SRC","","","","","","","","","","","","","","","","","","","","","","","","","","","","","","","","","","","","","","","","","","","","","","","","","","","","","","","","","","","","","","","",
"South Sudan","SSD","Political Stability and Absence of Violence/Terrorism: Number of Sources","PV.NO.SRC","","","","","","","","","","","","","","","","","","","","","","","","","","","","","","","","","","","","","","","","","","","","","","","","","","","","2","3","3","4","4","4","4","4","4","3","3","3",
"Sub-Saharan Africa","SSF","Political Stability and Absence of Violence/Terrorism: Number of Sources","PV.NO.SRC","","","","","","","","","","","","","","","","","","","","","","","","","","","","","","","","","","","","","","","","","","","","","","","","","","","","","","","","","","","","","","","",
"Small states","SST","Political Stability and Absence of Violence/Terrorism: Number of Sources","PV.NO.SRC","","","","","","","","","","","","","","","","","","","","","","","","","","","","","","","","","","","","","","","","","","","","","","","","","","","","","","","","","","","","","","","",
"Sao Tome and Principe","STP","Political Stability and Absence of Violence/Terrorism: Number of Sources","PV.NO.SRC","","","","","","","","","","","","","","","","","","","","","","","","","","","","","","","","","","","","","2","","2","","2","","2","2","2","2","3","3","3","4","4","3","3","3","3","3","4","4","4","4","4","4","4",
"Suriname","SUR","Political Stability and Absence of Violence/Terrorism: Number of Sources","PV.NO.SRC","","","","","","","","","","","","","","","","","","","","","","","","","","","","","","","","","","","","","3","","3","","3","","3","3","3","3","5","5","5","6","6","6","6","6","6","6","6","6","6","6","6","6","6",
"Slovak Republic","SVK","Political Stability and Absence of Violence/Terrorism: Number of Sources","PV.NO.SRC","","","","","","","","","","","","","","","","","","","","","","","","","","","","","","","","","","","","","4","","4","","4","","6","6","7","7","7","7","7","8","8","8","8","8","8","8","8","8","8","7","6","7","7",
"Slovenia","SVN","Political Stability and Absence of Violence/Terrorism: Number of Sources","PV.NO.SRC","","","","","","","","","","","","","","","","","","","","","","","","","","","","","","","","","","","","","3","","4","","5","","6","6","7","7","7","7","7","8","8","7","9","9","9","9","9","9","9","8","7","7","7",
"Sweden","SWE","Political Stability and Absence of Violence/Terrorism: Number of Sources","PV.NO.SRC","","","","","","","","","","","","","","","","","","","","","","","","","","","","","","","","","","","","","4","","4","","5","","6","6","7","7","8","8","8","8","8","9","9","9","9","9","9","9","9","8","7","7","7",
"Eswatini","SWZ","Political Stability and Absence of Violence/Terrorism: Number of Sources","PV.NO.SRC","","","","","","","","","","","","","","","","","","","","","","","","","","","","","","","","","","","","","2","","2","","2","","2","2","2","2","3","3","3","4","5","5","5","5","5","5","4","5","5","4","4","4","4",
"Sint Maarten (Dutch part)","SXM","Political Stability and Absence of Violence/Terrorism: Number of Sources","PV.NO.SRC","","","","","","","","","","","","","","","","","","","","","","","","","","","","","","","","","","","","","","","","","","","","","","","","","","","","","","","","","","","","","","","",
"Seychelles","SYC","Political Stability and Absence of Violence/Terrorism: Number of Sources","PV.NO.SRC","","","","","","","","","","","","","","","","","","","","","","","","","","","","","","","","","","","","","2","","2","","2","","2","2","4","4","4","4","4","4","4","4","5","5","5","5","4","5","5","4","4","4","4",
"Syrian Arab Republic","SYR","Political Stability and Absence of Violence/Terrorism: Number of Sources","PV.NO.SRC","","","","","","","","","","","","","","","","","","","","","","","","","","","","","","","","","","","","","4","","4","","4","","4","4","5","5","6","7","7","7","7","7","6","6","6","6","5","5","5","5","5","5","5",
"Turks and Caicos Islands","TCA","Political Stability and Absence of Violence/Terrorism: Number of Sources","PV.NO.SRC","","","","","","","","","","","","","","","","","","","","","","","","","","","","","","","","","","","","","","","","","","","","","","","","","","","","","","","","","","","","","","","",
"Chad","TCD","Political Stability and Absence of Violence/Terrorism: Number of Sources","PV.NO.SRC","","","","","","","","","","","","","","","","","","","","","","","","","","","","","","","","","","","","","2","","2","","2","","2","3","4","4","6","6","6","6","6","6","6","6","6","6","6","6","6","5","4","4","4",
"East Asia & Pacific (IDA & IBRD countries)","TEA","Political Stability and Absence of Violence/Terrorism: Number of Sources","PV.NO.SRC","","","","","","","","","","","","","","","","","","","","","","","","","","","","","","","","","","","","","","","","","","","","","","","","","","","","","","","","","","","","","","","",
"Europe & Central Asia (IDA & IBRD countries)","TEC","Political Stability and Absence of Violence/Terrorism: Number of Sources","PV.NO.SRC","","","","","","","","","","","","","","","","","","","","","","","","","","","","","","","","","","","","","","","","","","","","","","","","","","","","","","","","","","","","","","","",
"Togo","TGO","Political Stability and Absence of Violence/Terrorism: Number of Sources","PV.NO.SRC","","","","","","","","","","","","","","","","","","","","","","","","","","","","","","","","","","","","","3","","3","","3","","3","3","4","4","5","5","5","6","6","6","6","6","6","6","6","6","6","6","5","6","6",
"Thailand","THA","Political Stability and Absence of Violence/Terrorism: Number of Sources","PV.NO.SRC","","","","","","","","","","","","","","","","","","","","","","","","","","","","","","","","","","","","","4","","4","","5","","6","6","7","7","8","8","8","8","8","9","9","9","9","9","9","9","9","8","7","8","8",
"Tajikistan","TJK","Political Stability and Absence of Violence/Terrorism: Number of Sources","PV.NO.SRC","","","","","","","","","","","","","","","","","","","","","","","","","","","","","","","","","","","","","2","","2","","2","","2","2","3","4","5","5","5","5","5","5","5","4","5","5","6","5","5","5","4","4","4",
"Turkmenistan","TKM","Political Stability and Absence of Violence/Terrorism: Number of Sources","PV.NO.SRC","","","","","","","","","","","","","","","","","","","","","","","","","","","","","","","","","","","","","2","","2","","2","","2","2","3","4","4","4","4","4","4","4","5","5","5","5","5","5","5","5","4","4","4",
"Latin America & the Caribbean (IDA & IBRD countries)","TLA","Political Stability and Absence of Violence/Terrorism: Number of Sources","PV.NO.SRC","","","","","","","","","","","","","","","","","","","","","","","","","","","","","","","","","","","","","","","","","","","","","","","","","","","","","","","","","","","","","","","",
"Timor-Leste","TLS","Political Stability and Absence of Violence/Terrorism: Number of Sources","PV.NO.SRC","","","","","","","","","","","","","","","","","","","","","","","","","","","","","","","","","","","","","","","","","1","","2","2","3","4","4","4","4","5","5","5","5","5","5","4","4","4","4","4","4","4","4",
"Middle East & North Africa (IDA & IBRD countries)","TMN","Political Stability and Absence of Violence/Terrorism: Number of Sources","PV.NO.SRC","","","","","","","","","","","","","","","","","","","","","","","","","","","","","","","","","","","","","","","","","","","","","","","","","","","","","","","","","","","","","","","",
"Tonga","TON","Political Stability and Absence of Violence/Terrorism: Number of Sources","PV.NO.SRC","","","","","","","","","","","","","","","","","","","","","","","","","","","","","","","","","","","","","","","","","","","","1","3","3","3","3","3","3","3","3","3","3","3","3","3","3","4","4","4","4","4",
"South Asia (IDA & IBRD)","TSA","Political Stability and Absence of Violence/Terrorism: Number of Sources","PV.NO.SRC","","","","","","","","","","","","","","","","","","","","","","","","","","","","","","","","","","","","","","","","","","","","","","","","","","","","","","","","","","","","","","","",
"Sub-Saharan Africa (IDA & IBRD countries)","TSS","Political Stability and Absence of Violence/Terrorism: Number of Sources","PV.NO.SRC","","","","","","","","","","","","","","","","","","","","","","","","","","","","","","","","","","","","","","","","","","","","","","","","","","","","","","","","","","","","","","","",
"Trinidad and Tobago","TTO","Political Stability and Absence of Violence/Terrorism: Number of Sources","PV.NO.SRC","","","","","","","","","","","","","","","","","","","","","","","","","","","","","","","","","","","","","4","","4","","4","","5","5","6","6","6","6","6","6","6","6","6","6","6","7","7","7","7","6","6","6","6",
"Tunisia","TUN","Political Stability and Absence of Violence/Terrorism: Number of Sources","PV.NO.SRC","","","","","","","","","","","","","","","","","","","","","","","","","","","","","","","","","","","","","4","","4","","4","","5","5","6","6","7","7","7","7","7","7","7","8","8","8","8","8","8","7","6","6","6",
"Turkiye","TUR","Political Stability and Absence of Violence/Terrorism: Number of Sources","PV.NO.SRC","","","","","","","","","","","","","","","","","","","","","","","","","","","","","","","","","","","","","4","","4","","5","","6","6","7","7","8","8","8","8","8","9","9","9","9","9","9","8","8","8","7","7","7",
"Tuvalu","TUV","Political Stability and Absence of Violence/Terrorism: Number of Sources","PV.NO.SRC","","","","","","","","","","","","","","","","","","","","","","","","","","","","","","","","","","","","","","","","","","","","1","2","2","2","2","2","3","3","2","2","2","2","2","2","2","2","2","3","3","4",
"Tanzania","TZA","Political Stability and Absence of Violence/Terrorism: Number of Sources","PV.NO.SRC","","","","","","","","","","","","","","","","","","","","","","","","","","","","","","","","","","","","","4","","4","","4","","4","5","6","6","6","6","6","7","7","7","8","8","8","8","8","8","8","7","6","6","6",
"Uganda","UGA","Political Stability and Absence of Violence/Terrorism: Number of Sources","PV.NO.SRC","","","","","","","","","","","","","","","","","","","","","","","","","","","","","","","","","","","","","4","","4","","4","","4","5","6","6","7","7","7","7","7","8","8","8","8","8","8","8","8","7","6","6","6",
"Ukraine","UKR","Political Stability and Absence of Violence/Terrorism: Number of Sources","PV.NO.SRC","","","","","","","","","","","","","","","","","","","","","","","","","","","","","","","","","","","","","3","","4","","4","","5","5","6","6","7","8","8","8","8","9","9","9","9","9","9","9","9","8","7","6","6",
"Upper middle income","UMC","Political Stability and Absence of Violence/Terrorism: Number of Sources","PV.NO.SRC","","","","","","","","","","","","","","","","","","","","","","","","","","","","","","","","","","","","","","","","","","","","","","","","","","","","","","","","","","","","","","","",
"Uruguay","URY","Political Stability and Absence of Violence/Terrorism: Number of Sources","PV.NO.SRC","","","","","","","","","","","","","","","","","","","","","","","","","","","","","","","","","","","","","4","","4","","4","","5","5","6","6","6","6","6","7","7","7","8","8","8","8","8","8","8","7","6","6","6",
"United States","USA","Political Stability and Absence of Violence/Terrorism: Number of Sources","PV.NO.SRC","","","","","","","","","","","","","","","","","","","","","","","","","","","","","","","","","","","","","4","","4","","5","","6","6","7","7","8","8","8","8","8","9","9","9","9","9","9","10","10","9","8","8","8",
"Uzbekistan","UZB","Political Stability and Absence of Violence/Terrorism: Number of Sources","PV.NO.SRC","","","","","","","","","","","","","","","","","","","","","","","","","","","","","","","","","","","","","2","","2","","2","","3","3","4","4","5","5","5","5","5","5","6","6","6","6","6","6","6","6","5","6","6",
"St. Vincent and the Grenadines","VCT","Political Stability and Absence of Violence/Terrorism: Number of Sources","PV.NO.SRC","","","","","","","","","","","","","","","","","","","","","","","","","","","","","","","","","","","","","1","","1","","1","","1","1","3","3","3","3","3","3","3","3","3","3","3","4","4","4","4","4","4","4","4",
"Venezuela, RB","VEN","Political Stability and Absence of Violence/Terrorism: Number of Sources","PV.NO.SRC","","","","","","","","","","","","","","","","","","","","","","","","","","","","","","","","","","","","","4","","4","","5","","6","6","7","7","8","8","8","8","8","9","9","9","9","9","9","10","10","9","8","8","8",
"British Virgin Islands","VGB","Political Stability and Absence of Violence/Terrorism: Number of Sources","PV.NO.SRC","","","","","","","","","","","","","","","","","","","","","","","","","","","","","","","","","","","","","","","","","","","","","","","","","","","","","","","","","","","","","","","",
"Virgin Islands (U.S.)","VIR","Political Stability and Absence of Violence/Terrorism: Number of Sources","PV.NO.SRC","","","","","","","","","","","","","","","","","","","","","","","","","","","","","","","","","","","","","","","","","","","","","1","2","2","2","2","1","2","2","2","2","2","2","2","2","2","2","2","2","2",
"Viet Nam","VNM","Political Stability and Absence of Violence/Terrorism: Number of Sources","PV.NO.SRC","","","","","","","","","","","","","","","","","","","","","","","","","","","","","","","","","","","","","4","","4","","4","","5","5","6","6","7","7","7","7","7","8","8","8","8","8","8","9","9","8","7","7","7",
"Vanuatu","VUT","Political Stability and Absence of Violence/Terrorism: Number of Sources","PV.NO.SRC","","","","","","","","","","","","","","","","","","","","","","","","","","","","","","","","","","","","","1","","1","","1","","1","1","2","2","2","2","2","3","3","2","2","2","2","2","2","2","2","3","3","3","4",
"World","WLD","Political Stability and Absence of Violence/Terrorism: Number of Sources","PV.NO.SRC","","","","","","","","","","","","","","","","","","","","","","","","","","","","","","","","","","","","","","","","","","","","","","","","","","","","","","","","","","","","","","","",
"Samoa","WSM","Political Stability and Absence of Violence/Terrorism: Number of Sources","PV.NO.SRC","","","","","","","","","","","","","","","","","","","","","","","","","","","","","","","","","","","","","2","","2","","2","","2","2","3","3","3","3","3","3","3","3","3","3","3","3","3","3","4","4","4","4","4",
"Kosovo","XKX","Political Stability and Absence of Violence/Terrorism: Number of Sources","PV.NO.SRC","","","","","","","","","","","","","","","","","","","","","","","","","","","","","","","","","","","","","","","","","","","","","","","","","1","1","3","3","3","3","4","4","4","4","4","4","4","5","5",
"Yemen, Rep.","YEM","Political Stability and Absence of Violence/Terrorism: Number of Sources","PV.NO.SRC","","","","","","","","","","","","","","","","","","","","","","","","","","","","","","","","","","","","","4","","4","","4","","4","4","5","5","6","6","6","6","6","7","6","6","6","5","6","6","6","5","5","5","5",
"South Africa","ZAF","Political Stability and Absence of Violence/Terrorism: Number of Sources","PV.NO.SRC","","","","","","","","","","","","","","","","","","","","","","","","","","","","","","","","","","","","","4","","4","","5","","6","6","7","7","8","8","8","8","8","9","9","9","9","9","9","9","9","8","7","7","7",
"Zambia","ZMB","Political Stability and Absence of Violence/Terrorism: Number of Sources","PV.NO.SRC","","","","","","","","","","","","","","","","","","","","","","","","","","","","","","","","","","","","","4","","4","","4","","4","5","6","5","6","6","6","7","7","7","8","8","8","8","7","7","7","6","6","6","6",
"Zimbabwe","ZWE","Political Stability and Absence of Violence/Terrorism: Number of Sources","PV.NO.SRC","","","","","","","","","","","","","","","","","","","","","","","","","","","","","","","","","","","","","4","","4","","4","","5","5","6","6","7","7","7","7","7","7","8","8","8","8","8","8","8","7","6","6","6",
